ticker,date,period_ending,estimate,reported,surprise,surprise%
RGA,2021-05-06,2021-03,0.07,-1.24,-1.31,-1871.43
FRPT,2021-05-03,2021-03,-0.02,-0.26,-0.24,-1200
NFE,2021-05-07,2021-03,0.05,-0.21,-0.26,-520
NVCR,2021-04-29,2021-03,0.01,-0.04,-0.05,-500
RUN,2021-05-05,2021-03,-0.03,-0.11,-0.08,-266.67
H,2021-05-04,2021-03,-1.33,-3.57,-2.24,-168.42
PEAK,2021-05-04,2021-03,0.39,-0.23,-0.62,-158.97
KEX,2021-04-29,2021-03,0.11,-0.06,-0.17,-154.55
JBGS,2021-05-04,2021-03,0.31,-0.16,-0.47,-151.61
ADT,2021-05-05,2021-03,0.15,-0.07,-0.22,-146.67
VTR,2021-05-07,2021-03,0.7,-0.15,-0.85,-121.43
COLD,2021-05-06,2021-03,0.31,-0.06,-0.37,-119.35
EXC,2021-05-05,2021-03,0.34,-0.06,-0.4,-117.65
LSXMK,2021-05-07,2021-03,0.27,-0.03,-0.3,-111.11
EPR,2021-05-05,2021-03,0.44,-0.04,-0.48,-109.09
SLG,2021-04-21,2021-03,1.58,-0.11,-1.69,-106.96
SRC,2021-05-05,2021-03,0.73,-0.04,-0.77,-105.48
SBAC,2021-04-26,2021-03,2.45,-0.11,-2.56,-104.49
UDR,2021-04-27,2021-03,0.48,0.01,-0.47,-97.92
ARE,2021-04-26,2021-03,1.85,0.04,-1.81,-97.84
HPP,2021-05-05,2021-03,0.45,0.03,-0.42,-93.33
VNO,2021-05-03,2021-03,0.63,0.06,-0.57,-90.48
RNR,2021-04-28,2021-03,0.74,0.09,-0.65,-87.84
DEI,2021-05-04,2021-03,0.43,0.06,-0.37,-86.05
CONE,2021-04-28,2021-03,0.98,0.15,-0.83,-84.69
CCI,2021-04-21,2021-03,1.61,0.28,-1.33,-82.61
GDDY,2021-05-05,2021-03,0.31,0.06,-0.25,-80.65
ACC,2021-04-19,2021-03,0.56,0.11,-0.45,-80.36
SUI,2021-04-26,2021-03,1.16,0.23,-0.93,-80.17
VST,2021-05-04,2021-03,-2.34,-4.21,-1.87,-79.91
EQR,2021-04-27,2021-03,0.68,0.15,-0.53,-77.94
SPCE,2021-05-10,2021-03,-0.31,-0.55,-0.24,-77.42
HTA,2021-05-06,2021-03,0.43,0.1,-0.33,-76.74
UTHR,2021-05-05,2021-03,2.6,0.61,-1.99,-76.54
WPC,2021-04-30,2021-03,1.21,0.29,-0.92,-76.03
MAA,2021-04-28,2021-03,1.61,0.4,-1.21,-75.16
CPT,2021-04-29,2021-03,1.23,0.31,-0.92,-74.8
CUZ,2021-04-29,2021-03,0.7,0.2,-0.5,-71.43
AMH,2021-05-06,2021-03,0.31,0.09,-0.22,-70.97
DKNG,2021-05-07,2021-03,-0.51,-0.87,-0.36,-70.59
INVH,2021-04-28,2021-03,0.34,0.1,-0.24,-70.59
O,2021-05-03,2021-03,0.85,0.26,-0.59,-69.41
VAC,2021-05-05,2021-03,-0.29,-0.49,-0.2,-68.97
LAMR,2021-05-04,2021-03,1.17,0.38,-0.79,-67.52
DISCA,2021-04-28,2021-03,0.61,0.21,-0.4,-65.57
DISCK,2021-04-28,2021-03,0.61,0.21,-0.4,-65.57
WELL,2021-04-28,2021-03,0.75,0.28,-0.47,-62.67
RARE,2021-05-04,2021-03,-1.25,-2.03,-0.78,-62.4
BXP,2021-04-27,2021-03,1.55,0.59,-0.96,-61.94
COR,2021-04-29,2021-03,1.33,0.51,-0.82,-61.65
PPL,2021-05-06,2021-03,0.71,0.28,-0.43,-60.56
HLT,2021-05-05,2021-03,0.05,0.02,-0.03,-60
HZNP,2021-05-05,2021-03,0.07,0.03,-0.04,-57.14
BYND,2021-05-06,2021-03,-0.27,-0.42,-0.15,-55.56
BRX,2021-05-03,2021-03,0.4,0.18,-0.22,-55
CUBE,2021-04-29,2021-03,0.45,0.21,-0.24,-53.33
STOR,2021-05-06,2021-03,0.45,0.21,-0.24,-53.33
NNN,2021-05-04,2021-03,0.64,0.3,-0.34,-53.13
IRM,2021-05-06,2021-03,0.64,0.32,-0.32,-50
PK,2021-05-06,2021-03,-0.54,-0.81,-0.27,-50
PLUG,2021-06-22,2021-03,-0.08,-0.12,-0.04,-50
SNOW,2021-05-26,2021-04,-0.16,-0.24,-0.08,-50
NRG,2021-05-06,2021-03,1.64,0.84,-0.8,-48.78
PLD,2021-04-19,2021-03,0.94,0.49,-0.45,-47.87
AVB,2021-04-28,2021-03,1.94,1.02,-0.92,-47.42
POST,2021-05-06,2021-03,0.55,0.29,-0.26,-47.27
HST,2021-05-04,2021-03,-0.15,-0.22,-0.07,-46.67
DRE,2021-04-28,2021-03,0.39,0.21,-0.18,-46.15
REXR,2021-04-21,2021-03,0.34,0.19,-0.15,-44.12
STNE,2021-06-01,2021-03,0.16,0.09,-0.07,-43.75
DV,2021-05-25,2021-03,0.07,0.04,-0.03,-42.86
FRT,2021-05-05,2021-03,1.02,0.6,-0.42,-41.18
PLNT,2021-05-06,2021-03,0.17,0.1,-0.07,-41.18
SABR,2021-05-04,2021-03,-0.51,-0.72,-0.21,-41.18
HIW,2021-04-27,2021-03,0.87,0.52,-0.35,-40.23
ELS,2021-04-19,2021-03,0.6,0.36,-0.24,-40
SPG,2021-05-10,2021-03,2.25,1.36,-0.89,-39.56
WMS,2021-05-20,2021-03,0.38,0.23,-0.15,-39.47
LBRDK,2021-05-07,2021-03,1.37,0.83,-0.54,-39.42
EQIX,2021-04-28,2021-03,6.63,4.07,-2.56,-38.61
LSI,2021-05-04,2021-03,1.01,0.63,-0.38,-37.62
AMT,2021-04-29,2021-03,2.32,1.45,-0.87,-37.5
REG,2021-05-06,2021-03,0.75,0.47,-0.28,-37.33
MPW,2021-04-29,2021-03,0.42,0.27,-0.15,-35.71
GLPI,2021-04-29,2021-03,0.83,0.54,-0.29,-34.94
EEFT,2021-04-28,2021-03,0.35,0.23,-0.12,-34.29
IONS,2021-05-05,2021-03,-0.48,-0.64,-0.16,-33.33
SPR,2021-05-05,2021-03,-0.93,-1.22,-0.29,-31.18
BA,2021-04-28,2021-03,-1.17,-1.53,-0.36,-30.77
AL,2021-05-06,2021-03,1.01,0.7,-0.31,-30.69
NBIX,2021-05-05,2021-03,0.47,0.33,-0.14,-29.79
SPLK,2021-06-02,2021-04,-0.72,-0.91,-0.19,-26.39
OSH,2021-05-10,2021-03,-0.23,-0.29,-0.06,-26.09
UHAL,2021-05-26,2021-03,5.07,3.76,-1.31,-25.84
TRIP,2021-05-06,2021-03,-0.31,-0.39,-0.08,-25.81
MRTX,2021-05-06,2021-03,-2.13,-2.67,-0.54,-25.35
HIG,2021-04-22,2021-03,0.75,0.56,-0.19,-25.33
ASH,2021-04-28,2021-03,1.36,1.05,-0.31,-22.79
CZR,2021-05-04,2021-03,-1.69,-2.06,-0.37,-21.89
NOV,2021-04-27,2021-03,-0.23,-0.28,-0.05,-21.74
JWN,2021-05-25,2021-04,-0.53,-0.64,-0.11,-20.75
WYNN,2021-05-10,2021-03,-2,-2.41,-0.41,-20.5
ESS,2021-04-27,2021-03,3.04,2.43,-0.61,-20.07
PSA,2021-04-28,2021-03,2.7,2.21,-0.49,-18.15
PCG,2021-04-29,2021-03,0.28,0.23,-0.05,-17.86
HFC,2021-05-05,2021-03,-0.45,-0.53,-0.08,-17.78
OHI,2021-05-03,2021-03,0.82,0.69,-0.13,-15.85
DAL,2021-04-15,2021-03,-3.08,-3.55,-0.47,-15.26
NVAX,2021-05-10,2021-03,-2.65,-3.05,-0.4,-15.09
MRK,2021-04-29,2021-03,1.63,1.4,-0.23,-14.11
CPB,2021-06-09,2021-04,0.66,0.57,-0.09,-13.64
SGEN,2021-04-29,2021-03,-0.59,-0.67,-0.08,-13.56
WRK,2021-05-05,2021-03,0.62,0.54,-0.08,-12.9
AWI,2021-04-27,2021-03,0.96,0.84,-0.12,-12.5
LLY,2021-04-27,2021-03,2.12,1.87,-0.25,-11.79
LW,2021-04-07,2021-02,0.51,0.45,-0.06,-11.76
COST,2021-03-04,2021-02,2.42,2.14,-0.28,-11.57
PLAN,2021-05-27,2021-04,-0.09,-0.1,-0.01,-11.11
ZNGA,2021-05-05,2021-03,0.09,0.08,-0.01,-11.11
MKL,2021-04-28,2021-03,11.37,10.12,-1.25,-10.99
PRGO,2021-05-11,2021-03,0.56,0.5,-0.06,-10.71
QDEL,2021-05-06,2021-03,4.87,4.38,-0.49,-10.06
VFC,2021-05-21,2021-03,0.3,0.27,-0.03,-10
ARES,2021-04-29,2021-03,0.51,0.46,-0.05,-9.8
CHGG,2021-05-03,2021-03,0.31,0.28,-0.03,-9.68
CHH,2021-05-10,2021-03,0.63,0.57,-0.06,-9.52
AZPN,2021-04-28,2021-03,1.16,1.05,-0.11,-9.48
STE,2021-05-18,2021-03,1.8,1.63,-0.17,-9.44
FSLY,2021-05-05,2021-03,-0.11,-0.12,-0.01,-9.09
EQH,2021-05-05,2021-03,1.23,1.13,-0.1,-8.13
GPK,2021-04-27,2021-03,0.25,0.23,-0.02,-8
CCL,2021-04-07,2021-02,-1.66,-1.79,-0.13,-7.83
UAL,2021-04-19,2021-03,-6.97,-7.5,-0.53,-7.6
AMGN,2021-04-27,2021-03,4,3.7,-0.3,-7.5
AES,2021-05-06,2021-03,0.3,0.28,-0.02,-6.67
AEP,2021-04-22,2021-03,1.23,1.15,-0.08,-6.5
IOVA,2021-05-06,2021-03,-0.48,-0.51,-0.03,-6.25
GNTX,2021-04-23,2021-03,0.49,0.46,-0.03,-6.12
DLR,2021-04-29,2021-03,1.59,1.5,-0.09,-5.66
CHTR,2021-04-30,2021-03,4.34,4.11,-0.23,-5.3
KMB,2021-04-23,2021-03,1.9,1.8,-0.1,-5.26
VOYA,2021-05-10,2021-03,1.08,1.03,-0.05,-4.63
AM,2021-04-28,2021-03,0.22,0.21,-0.01,-4.55
KSU,2021-04-16,2021-03,2,1.91,-0.09,-4.5
SRPT,2021-05-05,2021-03,-2.01,-2.1,-0.09,-4.48
CRUS,2021-04-29,2021-03,0.69,0.66,-0.03,-4.35
FHB,2021-04-23,2021-03,0.46,0.44,-0.02,-4.35
XRX,2021-04-20,2021-03,0.23,0.22,-0.01,-4.35
PGR,2021-04-15,2021-03,1.78,1.72,-0.06,-3.37
BMY,2021-04-29,2021-03,1.8,1.74,-0.06,-3.33
MNST,2021-05-06,2021-03,0.61,0.59,-0.02,-3.28
CAH,2021-05-06,2021-03,1.58,1.53,-0.05,-3.16
CSX,2021-04-20,2021-03,0.32,0.31,-0.01,-3.13
UNP,2021-04-22,2021-03,2.06,2,-0.06,-2.91
ENTG,2021-04-27,2021-03,0.72,0.7,-0.02,-2.78
SYK,2021-04-27,2021-03,1.98,1.93,-0.05,-2.53
GIS,2021-03-24,2021-02,0.84,0.82,-0.02,-2.38
APD,2021-05-10,2021-03,2.13,2.08,-0.05,-2.35
WU,2021-05-04,2021-03,0.45,0.44,-0.01,-2.22
RKT,2021-05-05,2021-03,0.91,0.89,-0.02,-2.2
CVX,2021-04-30,2021-03,0.92,0.9,-0.02,-2.17
WY,2021-04-30,2021-03,0.93,0.91,-0.02,-2.15
STWD,2021-05-06,2021-03,0.51,0.5,-0.01,-1.96
VRSK,2021-05-04,2021-03,1.25,1.23,-0.02,-1.6
LITE,2021-05-12,2021-03,1.42,1.4,-0.02,-1.41
NEM,2021-04-29,2021-03,0.75,0.74,-0.01,-1.33
NUE,2021-04-22,2021-03,3.14,3.1,-0.04,-1.27
ECL,2021-04-27,2021-03,0.82,0.81,-0.01,-1.22
CNC,2021-04-27,2021-03,1.65,1.63,-0.02,-1.21
HOLX,2021-04-28,2021-03,2.62,2.59,-0.03,-1.15
SEIC,2021-04-21,2021-03,0.9,0.89,-0.01,-1.11
EA,2021-05-11,2021-03,1.04,1.03,-0.01,-0.96
DOX,2021-05-12,2021-03,1.14,1.13,-0.01,-0.88
ABT,2021-04-20,2021-03,1.33,1.32,-0.01,-0.75
FDS,2021-03-30,2021-02,2.74,2.72,-0.02,-0.73
MKTX,2021-04-22,2021-03,2.12,2.11,-0.01,-0.47
DGX,2021-04-22,2021-03,3.77,3.76,-0.01,-0.27
AGL,2021-05-26,2021-03,-0.04,-0.04,0,0
AWK,2021-05-03,2021-03,0.73,0.73,0,0
CDAY,2021-05-05,2021-03,0.09,0.09,0,0
CL,2021-04-30,2021-03,0.8,0.8,0,0
CTXS,2021-04-29,2021-03,1.42,1.42,0,0
ERIE,2021-04-29,2021-03,1.41,1.41,0,0
FAST,2021-04-13,2021-03,0.37,0.37,0,0
FCX,2021-04-22,2021-03,0.51,0.51,0,0
HRL,2021-05-20,2021-04,0.42,0.42,0,0
KIM,2021-04-29,2021-03,0.3,0.3,0,0
MTG,2021-05-05,2021-03,0.42,0.42,0,0
NET,2021-05-06,2021-03,-0.03,-0.03,0,0
NI,2021-05-05,2021-03,0.77,0.77,0,0
NRZ,2021-05-05,2021-03,0.34,0.34,0,0
REYN,2021-05-05,2021-03,0.36,0.36,0,0
RYN,2021-05-05,2021-03,0.08,0.08,0,0
TW,2021-04-29,2021-03,0.43,0.43,0,0
AMG,2021-05-03,2021-03,4.26,4.28,0.02,0.47
INTU,2021-05-25,2021-04,6.04,6.07,0.03,0.5
MCK,2021-05-06,2021-03,5.02,5.05,0.03,0.6
FMC,2021-05-05,2021-03,1.52,1.53,0.01,0.66
AAL,2021-04-22,2021-03,-4.35,-4.32,0.03,0.69
MTN,2021-06-07,2021-04,6.67,6.72,0.05,0.75
ABC,2021-05-05,2021-03,2.51,2.53,0.02,0.8
CPA,2021-05-05,2021-03,-2.25,-2.23,0.02,0.89
D,2021-05-04,2021-03,1.08,1.09,0.01,0.93
GILD,2021-04-29,2021-03,2.06,2.08,0.02,0.97
HRB,2021-06-15,2021-04,5.11,5.16,0.05,0.98
CNA,2021-05-03,2021-03,0.95,0.96,0.01,1.05
MSA,2021-04-28,2021-03,0.94,0.95,0.01,1.06
VMW,2021-05-27,2021-04,1.74,1.76,0.02,1.15
CSCO,2021-05-19,2021-04,0.82,0.83,0.01,1.22
SWKS,2021-04-29,2021-03,2.34,2.37,0.03,1.28
INFO,2021-03-23,2021-02,0.7,0.71,0.01,1.43
NCLH,2021-05-06,2021-03,-2.06,-2.03,0.03,1.46
CDK,2021-05-06,2021-03,0.68,0.69,0.01,1.47
FE,2021-04-22,2021-03,0.68,0.69,0.01,1.47
LNT,2021-05-06,2021-03,0.67,0.68,0.01,1.49
VZ,2021-04-21,2021-03,1.29,1.31,0.02,1.55
MRCY,2021-05-04,2021-03,0.63,0.64,0.01,1.59
DUK,2021-05-10,2021-03,1.24,1.26,0.02,1.61
BLK,2021-04-15,2021-03,7.64,7.77,0.13,1.7
CAG,2021-04-08,2021-02,0.58,0.59,0.01,1.72
EBAY,2021-04-28,2021-03,1.07,1.09,0.02,1.87
MSM,2021-04-07,2021-02,1.01,1.03,0.02,1.98
DPZ,2021-04-29,2021-03,2.94,3,0.06,2.04
NVR,2021-04-21,2021-03,61.9,63.21,1.31,2.12
ANTM,2021-04-21,2021-03,6.86,7.01,0.15,2.19
RCL,2021-04-29,2021-03,-4.54,-4.44,0.1,2.2
MASI,2021-04-26,2021-03,0.88,0.9,0.02,2.27
ALNY,2021-04-29,2021-03,-1.75,-1.71,0.04,2.29
CME,2021-04-28,2021-03,1.75,1.79,0.04,2.29
LAZ,2021-04-30,2021-03,0.85,0.87,0.02,2.35
SMG,2021-05-05,2021-03,5.51,5.64,0.13,2.36
TDG,2021-05-11,2021-03,2.52,2.58,0.06,2.38
KMX,2021-04-01,2021-02,1.24,1.27,0.03,2.42
SCHW,2021-04-15,2021-03,0.82,0.84,0.02,2.44
GLOB,2021-05-13,2021-03,0.81,0.83,0.02,2.47
PRI,2021-05-05,2021-03,2.38,2.44,0.06,2.52
EXR,2021-04-28,2021-03,1.49,1.53,0.04,2.68
CERN,2021-05-05,2021-03,0.74,0.76,0.02,2.7
AVGO,2021-06-03,2021-04,6.44,6.62,0.18,2.8
BWXT,2021-05-03,2021-03,0.71,0.73,0.02,2.82
GPN,2021-05-04,2021-03,1.77,1.82,0.05,2.82
CB,2021-04-27,2021-03,2.45,2.52,0.07,2.86
MO,2021-04-29,2021-03,1.04,1.07,0.03,2.88
ON,2021-05-03,2021-03,0.34,0.35,0.01,2.94
HUBB,2021-04-27,2021-03,1.67,1.72,0.05,2.99
LOPE,2021-05-05,2021-03,1.67,1.72,0.05,2.99
ICE,2021-04-29,2021-03,1.3,1.34,0.04,3.08
INCY,2021-05-04,2021-03,0.65,0.67,0.02,3.08
RPRX,2021-05-11,2021-03,0.65,0.67,0.02,3.08
TROW,2021-04-29,2021-03,2.92,3.01,0.09,3.08
VRSN,2021-04-22,2021-03,1.29,1.33,0.04,3.1
GTES,2021-05-10,2021-03,0.32,0.33,0.01,3.13
MU,2021-03-31,2021-02,0.95,0.98,0.03,3.16
CTSH,2021-05-05,2021-03,0.94,0.97,0.03,3.19
NATI,2021-04-29,2021-03,0.31,0.32,0.01,3.23
PAYX,2021-04-06,2021-02,0.93,0.96,0.03,3.23
CMS,2021-04-29,2021-03,1.17,1.21,0.04,3.42
HHC,2021-05-10,2021-03,-0.57,-0.55,0.02,3.51
PAYC,2021-05-04,2021-03,1.42,1.47,0.05,3.52
FISV,2021-04-27,2021-03,1.13,1.17,0.04,3.54
AXP,2021-04-23,2021-03,1.68,1.74,0.06,3.57
RGLD,2021-05-05,2021-03,0.81,0.84,0.03,3.7
CHD,2021-04-29,2021-03,0.8,0.83,0.03,3.75
LMT,2021-04-20,2021-03,6.32,6.56,0.24,3.8
ADP,2021-04-28,2021-03,1.82,1.89,0.07,3.85
GWW,2021-04-30,2021-03,4.31,4.48,0.17,3.94
EIX,2021-04-27,2021-03,0.76,0.79,0.03,3.95
FIS,2021-05-06,2021-03,1.25,1.3,0.05,4
HEI,2021-05-25,2021-04,0.49,0.51,0.02,4.08
NSC,2021-04-28,2021-03,2.55,2.66,0.11,4.31
FR,2021-04-21,2021-03,0.46,0.48,0.02,4.35
PB,2021-04-28,2021-03,1.38,1.44,0.06,4.35
CC,2021-05-03,2021-03,0.68,0.71,0.03,4.41
ACHC,2021-04-29,2021-03,0.45,0.47,0.02,4.44
FLT,2021-05-05,2021-03,2.7,2.82,0.12,4.44
NTAP,2021-06-02,2021-04,1.12,1.17,0.05,4.46
HPQ,2021-05-27,2021-04,0.89,0.93,0.04,4.49
ORCL,2021-03-10,2021-02,1.11,1.16,0.05,4.5
NXPI,2021-04-26,2021-03,2.21,2.31,0.1,4.52
ES,2021-05-10,2021-03,1.1,1.15,0.05,4.55
GO,2021-05-11,2021-03,0.22,0.23,0.01,4.55
FFIV,2021-04-27,2021-03,2.39,2.5,0.11,4.6
BLD,2021-05-06,2021-03,1.93,2.02,0.09,4.66
WAB,2021-04-29,2021-03,0.85,0.89,0.04,4.71
QGEN,2021-05-03,2021-03,0.63,0.66,0.03,4.76
TTC,2021-06-03,2021-04,1.23,1.29,0.06,4.88
AME,2021-05-04,2021-03,1.02,1.07,0.05,4.9
BDX,2021-05-06,2021-03,3.04,3.19,0.15,4.93
EMN,2021-04-29,2021-03,2.03,2.13,0.1,4.93
FTV,2021-04-29,2021-03,0.6,0.63,0.03,5
ANET,2021-05-04,2021-03,2.38,2.5,0.12,5.04
ED,2021-05-06,2021-03,1.36,1.43,0.07,5.15
ALK,2021-04-22,2021-03,-3.71,-3.51,0.2,5.39
BR,2021-05-04,2021-03,1.67,1.76,0.09,5.39
LUV,2021-04-22,2021-03,-1.82,-1.72,0.1,5.49
BIIB,2021-04-22,2021-03,5.06,5.34,0.28,5.53
NKTR,2021-05-06,2021-03,-0.72,-0.68,0.04,5.56
MDT,2021-05-27,2021-04,1.42,1.5,0.08,5.63
SLGN,2021-04-28,2021-03,0.71,0.75,0.04,5.63
CHE,2021-04-27,2021-03,4.2,4.44,0.24,5.71
DXC,2021-05-26,2021-03,0.7,0.74,0.04,5.71
ICUI,2021-05-06,2021-03,1.53,1.62,0.09,5.88
SON,2021-04-22,2021-03,0.85,0.9,0.05,5.88
AON,2021-04-30,2021-03,4.04,4.28,0.24,5.94
IFF,2021-05-10,2021-03,1.51,1.6,0.09,5.96
IBM,2021-04-19,2021-03,1.67,1.77,0.1,5.99
WM,2021-04-27,2021-03,1,1.06,0.06,6
AIG,2021-05-06,2021-03,0.99,1.05,0.06,6.06
CLF,2021-04-22,2021-03,0.33,0.35,0.02,6.06
STLD,2021-04-19,2021-03,1.98,2.1,0.12,6.06
HSY,2021-04-29,2021-03,1.81,1.92,0.11,6.08
MCD,2021-04-29,2021-03,1.81,1.92,0.11,6.08
JCI,2021-04-30,2021-03,0.49,0.52,0.03,6.12
UNM,2021-05-05,2021-03,0.98,1.04,0.06,6.12
AKAM,2021-05-04,2021-03,1.3,1.38,0.08,6.15
ADI,2021-05-19,2021-04,1.45,1.54,0.09,6.21
JAZZ,2021-05-04,2021-03,3.69,3.92,0.23,6.23
PCAR,2021-04-27,2021-03,1.27,1.35,0.08,6.3
ACM,2021-05-10,2021-03,0.63,0.67,0.04,6.35
HUM,2021-04-28,2021-03,7.21,7.67,0.46,6.38
VICI,2021-04-29,2021-03,0.47,0.5,0.03,6.38
DXCM,2021-04-29,2021-03,0.31,0.33,0.02,6.45
KDP,2021-04-29,2021-03,0.31,0.33,0.02,6.45
ABBV,2021-04-30,2021-03,2.77,2.95,0.18,6.5
KMPR,2021-04-29,2021-03,1.23,1.31,0.08,6.5
SRE,2021-05-05,2021-03,2.77,2.95,0.18,6.5
RMD,2021-04-29,2021-03,1.22,1.3,0.08,6.56
HON,2021-04-23,2021-03,1.8,1.92,0.12,6.67
TER,2021-04-27,2021-03,1.04,1.11,0.07,6.73
BEN,2021-05-04,2021-03,0.74,0.79,0.05,6.76
SYNH,2021-04-29,2021-03,0.74,0.79,0.05,6.76
PG,2021-04-20,2021-03,1.18,1.26,0.08,6.78
ACN,2021-03-18,2021-02,1.9,2.03,0.13,6.84
HUBS,2021-05-05,2021-03,0.29,0.31,0.02,6.9
MCHP,2021-05-06,2021-03,0.87,0.93,0.06,6.9
SNDR,2021-04-29,2021-03,0.29,0.31,0.02,6.9
CI,2021-05-07,2021-03,4.42,4.73,0.31,7.01
IEX,2021-04-27,2021-03,1.41,1.51,0.1,7.09
AOS,2021-04-29,2021-03,0.56,0.6,0.04,7.14
DT,2021-05-12,2021-03,0.14,0.15,0.01,7.14
GLW,2021-04-27,2021-03,0.42,0.45,0.03,7.14
MCY,2021-05-04,2021-03,1.25,1.34,0.09,7.2
IDA,2021-04-29,2021-03,0.83,0.89,0.06,7.23
XLRN,2021-05-06,2021-03,-0.83,-0.77,0.06,7.23
CTAS,2021-03-17,2021-02,2.21,2.37,0.16,7.24
KLAC,2021-04-29,2021-03,3.59,3.85,0.26,7.24
SSNC,2021-04-26,2021-03,1.1,1.18,0.08,7.27
GD,2021-04-28,2021-03,2.31,2.48,0.17,7.36
CG,2021-04-29,2021-03,0.54,0.58,0.04,7.41
LVS,2021-04-21,2021-03,-0.27,-0.25,0.02,7.41
MRVL,2021-06-07,2021-04,0.27,0.29,0.02,7.41
NYCB,2021-04-26,2021-03,0.27,0.29,0.02,7.41
MSCI,2021-04-27,2021-03,2.29,2.46,0.17,7.42
BLL,2021-05-06,2021-03,0.67,0.72,0.05,7.46
KEYS,2021-05-19,2021-04,1.34,1.44,0.1,7.46
PHM,2021-04-27,2021-03,1.19,1.28,0.09,7.56
VRTX,2021-04-29,2021-03,2.77,2.98,0.21,7.58
ODFL,2021-04-22,2021-03,1.58,1.7,0.12,7.59
AMED,2021-04-28,2021-03,1.43,1.54,0.11,7.69
FNB,2021-04-19,2021-03,0.26,0.28,0.02,7.69
EPAM,2021-05-06,2021-03,1.68,1.81,0.13,7.74
TMO,2021-04-29,2021-03,6.69,7.21,0.52,7.77
EMR,2021-05-05,2021-03,0.9,0.97,0.07,7.78
PANW,2021-05-20,2021-04,1.28,1.38,0.1,7.81
CTLT,2021-05-04,2021-03,0.76,0.82,0.06,7.89
AMAT,2021-05-20,2021-04,1.51,1.63,0.12,7.95
RNG,2021-05-04,2021-03,0.25,0.27,0.02,8
PEP,2021-04-15,2021-03,1.12,1.21,0.09,8.04
FDX,2021-03-18,2021-02,3.21,3.47,0.26,8.1
RSG,2021-05-05,2021-03,0.86,0.93,0.07,8.14
SPGI,2021-04-29,2021-03,3.13,3.39,0.26,8.31
COO,2021-06-03,2021-04,3.12,3.38,0.26,8.33
ROP,2021-04-27,2021-03,3.32,3.6,0.28,8.43
AAP,2021-06-02,2021-03,3.08,3.34,0.26,8.44
NCR,2021-04-27,2021-03,0.47,0.51,0.04,8.51
BAH,2021-05-21,2021-03,0.82,0.89,0.07,8.54
ZBRA,2021-05-04,2021-03,4.41,4.79,0.38,8.62
PBCT,2021-04-22,2021-03,0.34,0.37,0.03,8.82
OKE,2021-04-27,2021-03,0.79,0.86,0.07,8.86
IBKR,2021-04-20,2021-03,0.9,0.98,0.08,8.89
UMPQ,2021-04-21,2021-03,0.45,0.49,0.04,8.89
CMG,2021-04-21,2021-03,4.92,5.36,0.44,8.94
LPX,2021-05-04,2021-03,2.76,3.01,0.25,9.06
BKR,2021-04-21,2021-03,0.11,0.12,0.01,9.09
TYL,2021-04-28,2021-03,1.31,1.43,0.12,9.16
XLNX,2021-05-04,2021-03,0.75,0.82,0.07,9.33
IPGP,2021-05-04,2021-03,1.07,1.17,0.1,9.35
BOKF,2021-04-21,2021-03,1.92,2.1,0.18,9.38
VLO,2021-04-22,2021-03,-1.91,-1.73,0.18,9.42
FTNT,2021-04-29,2021-03,0.74,0.81,0.07,9.46
CABO,2021-05-06,2021-03,10.22,11.19,0.97,9.49
DNB,2021-05-05,2021-03,0.21,0.23,0.02,9.52
HPE,2021-06-01,2021-04,0.42,0.46,0.04,9.52
V,2021-04-27,2021-03,1.26,1.38,0.12,9.52
WEC,2021-05-03,2021-03,1.47,1.61,0.14,9.52
ADSK,2021-05-27,2021-04,0.94,1.03,0.09,9.57
PH,2021-04-29,2021-03,3.75,4.11,0.36,9.6
JHG,2021-04-29,2021-03,0.83,0.91,0.08,9.64
IVZ,2021-04-27,2021-03,0.62,0.68,0.06,9.68
STT,2021-04-16,2021-03,1.34,1.47,0.13,9.7
MPWR,2021-05-04,2021-03,1.33,1.46,0.13,9.77
BKI,2021-05-06,2021-03,0.51,0.56,0.05,9.8
MIDD,2021-05-06,2021-03,1.63,1.79,0.16,9.82
NFG,2021-05-06,2021-03,1.22,1.34,0.12,9.84
XEL,2021-04-29,2021-03,0.61,0.67,0.06,9.84
SEE,2021-05-04,2021-03,0.71,0.78,0.07,9.86
KO,2021-04-19,2021-03,0.5,0.55,0.05,10
SYY,2021-05-04,2021-03,0.2,0.22,0.02,10
CBOE,2021-04-30,2021-03,1.39,1.53,0.14,10.07
XOM,2021-04-30,2021-03,0.59,0.65,0.06,10.17
CLX,2021-04-30,2021-03,1.47,1.62,0.15,10.2
AJG,2021-04-29,2021-03,1.83,2.02,0.19,10.38
JKHY,2021-05-03,2021-03,0.86,0.95,0.09,10.47
SLB,2021-04-23,2021-03,0.19,0.21,0.02,10.53
TREX,2021-05-10,2021-03,0.38,0.42,0.04,10.53
APH,2021-04-28,2021-03,0.47,0.52,0.05,10.64
MSFT,2021-04-27,2021-03,1.76,1.95,0.19,10.8
FLO,2021-05-20,2021-03,0.37,0.41,0.04,10.81
FICO,2021-05-05,2021-03,2.76,3.06,0.3,10.87
STL,2021-04-19,2021-03,0.46,0.51,0.05,10.87
ITW,2021-04-30,2021-03,1.9,2.11,0.21,11.05
EQT,2021-05-05,2021-03,0.27,0.3,0.03,11.11
FTDR,2021-05-06,2021-03,0.09,0.1,0.01,11.11
RS,2021-04-22,2021-03,3.69,4.1,0.41,11.11
SNX,2021-03-22,2021-02,1.7,1.89,0.19,11.18
SCCO,2021-04-28,2021-03,0.89,0.99,0.1,11.24
TDC,2021-05-06,2021-03,0.62,0.69,0.07,11.29
URI,2021-04-28,2021-03,3.1,3.45,0.35,11.29
CGNX,2021-05-06,2021-03,0.35,0.39,0.04,11.43
BK,2021-04-16,2021-03,0.87,0.97,0.1,11.49
NLY,2021-04-28,2021-03,0.26,0.29,0.03,11.54
MDLZ,2021-04-27,2021-03,0.69,0.77,0.08,11.59
WLTW,2021-04-29,2021-03,3.26,3.64,0.38,11.66
NEE,2021-04-21,2021-03,0.6,0.67,0.07,11.67
T,2021-04-22,2021-03,0.77,0.86,0.09,11.69
HAL,2021-04-21,2021-03,0.17,0.19,0.02,11.76
RPM,2021-04-07,2021-02,0.34,0.38,0.04,11.76
TPL,2021-05-06,2021-03,5.77,6.45,0.68,11.79
SNPS,2021-05-19,2021-04,1.52,1.7,0.18,11.84
APO,2021-05-04,2021-03,0.59,0.66,0.07,11.86
HUN,2021-04-30,2021-03,0.59,0.66,0.07,11.86
WEX,2021-04-29,2021-03,1.6,1.79,0.19,11.88
TRV,2021-04-20,2021-03,2.44,2.73,0.29,11.89
JBLU,2021-04-27,2021-03,-1.68,-1.48,0.2,11.9
ROK,2021-04-28,2021-03,2.15,2.41,0.26,12.09
JNJ,2021-04-20,2021-03,2.31,2.59,0.28,12.12
PM,2021-04-20,2021-03,1.4,1.57,0.17,12.14
CDNS,2021-04-26,2021-03,0.74,0.83,0.09,12.16
PWR,2021-05-06,2021-03,0.74,0.83,0.09,12.16
ATO,2021-05-05,2021-03,2.05,2.3,0.25,12.2
NVDA,2021-05-26,2021-04,0.82,0.92,0.1,12.2
MA,2021-04-29,2021-03,1.55,1.74,0.19,12.26
QRVO,2021-05-05,2021-03,2.44,2.74,0.3,12.3
EOG,2021-05-06,2021-03,1.44,1.62,0.18,12.5
SJM,2021-06-03,2021-04,1.68,1.89,0.21,12.5
REGN,2021-05-06,2021-03,8.79,9.89,1.1,12.51
ADBE,2021-03-23,2021-02,2.79,3.14,0.35,12.54
NTRS,2021-04-20,2021-03,1.51,1.7,0.19,12.58
NDAQ,2021-04-21,2021-03,1.74,1.96,0.22,12.64
ABMD,2021-04-29,2021-03,1.1,1.24,0.14,12.73
NTNX,2021-05-26,2021-04,-0.47,-0.41,0.06,12.77
CNXC,2021-03-24,2021-02,2.03,2.29,0.26,12.81
CFX,2021-04-29,2021-03,0.39,0.44,0.05,12.82
PPD,2021-04-27,2021-03,0.31,0.35,0.04,12.9
DTE,2021-04-27,2021-03,2.16,2.44,0.28,12.96
CDW,2021-05-05,2021-03,1.54,1.74,0.2,12.99
SIX,2021-04-28,2021-03,-1.29,-1.12,0.17,13.18
LYV,2021-05-06,2021-03,-1.66,-1.44,0.22,13.25
ZBH,2021-05-04,2021-03,1.51,1.71,0.2,13.25
PEG,2021-05-05,2021-03,1.13,1.28,0.15,13.27
PFG,2021-04-27,2021-03,1.35,1.53,0.18,13.33
NOW,2021-04-28,2021-03,1.34,1.52,0.18,13.43
UHS,2021-04-26,2021-03,2.15,2.44,0.29,13.49
CHNG,2021-05-26,2021-03,0.37,0.42,0.05,13.51
TRU,2021-04-27,2021-03,0.8,0.91,0.11,13.75
QCOM,2021-04-28,2021-03,1.67,1.9,0.23,13.77
DCI,2021-06-02,2021-04,0.58,0.66,0.08,13.79
MOS,2021-05-03,2021-03,0.5,0.57,0.07,14
LRCX,2021-04-21,2021-03,6.56,7.49,0.93,14.18
OLN,2021-04-27,2021-03,1.34,1.53,0.19,14.18
AZO,2021-03-02,2021-02,13.07,14.93,1.86,14.23
DLTR,2021-05-27,2021-04,1.4,1.6,0.2,14.29
TFSL,2021-04-29,2021-03,0.07,0.08,0.01,14.29
TWTR,2021-04-29,2021-03,0.14,0.16,0.02,14.29
SBNY,2021-04-21,2021-03,2.83,3.24,0.41,14.49
AMP,2021-04-26,2021-03,4.73,5.43,0.7,14.8
EW,2021-04-20,2021-03,0.47,0.54,0.07,14.89
CE,2021-04-22,2021-03,3.01,3.46,0.45,14.95
DHI,2021-04-22,2021-03,2.2,2.53,0.33,15
TKR,2021-04-28,2021-03,1.2,1.38,0.18,15
AEE,2021-05-10,2021-03,0.79,0.91,0.12,15.19
ETN,2021-05-04,2021-03,1.25,1.44,0.19,15.2
MTB,2021-04-19,2021-03,2.96,3.41,0.45,15.2
SO,2021-04-29,2021-03,0.85,0.98,0.13,15.29
SYF,2021-04-27,2021-03,1.5,1.73,0.23,15.33
MSI,2021-05-06,2021-03,1.62,1.87,0.25,15.43
CRL,2021-05-04,2021-03,2.19,2.53,0.34,15.53
CBSH,2021-04-15,2021-03,0.96,1.11,0.15,15.63
ESI,2021-04-28,2021-03,0.32,0.37,0.05,15.63
UGI,2021-05-05,2021-03,1.72,1.99,0.27,15.7
HAIN,2021-05-06,2021-03,0.38,0.44,0.06,15.79
GGG,2021-04-21,2021-03,0.5,0.58,0.08,16
JBHT,2021-04-15,2021-03,1.18,1.37,0.19,16.1
LECO,2021-04-27,2021-03,1.18,1.37,0.19,16.1
DVA,2021-04-29,2021-03,1.8,2.09,0.29,16.11
LDOS,2021-05-04,2021-03,1.49,1.73,0.24,16.11
MTD,2021-05-06,2021-03,5.65,6.56,0.91,16.11
COMM,2021-05-06,2021-03,0.31,0.36,0.05,16.13
OTIS,2021-04-26,2021-03,0.62,0.72,0.1,16.13
CW,2021-05-05,2021-03,1.3,1.51,0.21,16.15
ST,2021-04-27,2021-03,0.74,0.86,0.12,16.22
FRC,2021-04-14,2021-03,1.54,1.79,0.25,16.23
SNA,2021-04-22,2021-03,3.01,3.5,0.49,16.28
PINC,2021-05-04,2021-03,0.55,0.64,0.09,16.36
RH,2021-06-09,2021-04,4.2,4.89,0.69,16.43
TDY,2021-04-28,2021-03,2.59,3.02,0.43,16.6
CSGP,2021-04-27,2021-03,0.24,0.28,0.04,16.67
DBX,2021-05-06,2021-03,0.3,0.35,0.05,16.67
OMC,2021-04-20,2021-03,1.14,1.33,0.19,16.67
PNFP,2021-04-19,2021-03,1.38,1.61,0.23,16.67
SIRI,2021-04-28,2021-03,0.06,0.07,0.01,16.67
VEEV,2021-05-27,2021-04,0.78,0.91,0.13,16.67
CMI,2021-05-04,2021-03,3.46,4.04,0.58,16.76
K,2021-05-06,2021-03,0.95,1.11,0.16,16.84
EVRG,2021-05-06,2021-03,0.47,0.55,0.08,17.02
MMC,2021-04-27,2021-03,1.7,1.99,0.29,17.06
EWBC,2021-04-22,2021-03,1.23,1.44,0.21,17.07
SAGE,2021-05-04,2021-03,-1.98,-1.64,0.34,17.17
AI,2021-06-02,2021-04,-0.29,-0.24,0.05,17.24
MOH,2021-04-28,2021-03,3.78,4.44,0.66,17.46
TFX,2021-04-29,2021-03,2.44,2.87,0.43,17.62
ALLE,2021-04-22,2021-03,1.02,1.2,0.18,17.65
NUAN,2021-05-10,2021-03,0.17,0.2,0.03,17.65
PFE,2021-05-04,2021-03,0.79,0.93,0.14,17.72
TSLA,2021-04-26,2021-03,0.79,0.93,0.14,17.72
PSX,2021-04-30,2021-03,-1.41,-1.16,0.25,17.73
IQV,2021-04-22,2021-03,1.85,2.18,0.33,17.84
TRMB,2021-05-05,2021-03,0.56,0.66,0.1,17.86
CTVA,2021-05-04,2021-03,0.67,0.79,0.12,17.91
MKSI,2021-04-26,2021-03,2.17,2.56,0.39,17.97
ACGL,2021-04-27,2021-03,0.5,0.59,0.09,18
CNP,2021-05-06,2021-03,0.5,0.59,0.09,18
PXD,2021-05-04,2021-03,1.5,1.77,0.27,18
AMD,2021-04-27,2021-03,0.44,0.52,0.08,18.18
DD,2021-05-04,2021-03,0.77,0.91,0.14,18.18
A,2021-05-25,2021-04,0.82,0.97,0.15,18.29
KNX,2021-04-21,2021-03,0.7,0.83,0.13,18.57
CVS,2021-05-04,2021-03,1.72,2.04,0.32,18.6
X,2021-04-29,2021-03,0.91,1.08,0.17,18.68
AGNC,2021-04-26,2021-03,0.64,0.76,0.12,18.75
BAX,2021-04-29,2021-03,0.64,0.76,0.12,18.75
ALSN,2021-04-28,2021-03,0.9,1.07,0.17,18.89
PPG,2021-04-15,2021-03,1.58,1.88,0.3,18.99
AXTA,2021-04-26,2021-03,0.42,0.5,0.08,19.05
ETSY,2021-05-05,2021-03,0.84,1,0.16,19.05
EXP,2021-05-19,2021-03,1.31,1.56,0.25,19.08
WDAY,2021-05-26,2021-04,0.73,0.87,0.14,19.18
SBUX,2021-04-27,2021-03,0.52,0.62,0.1,19.23
DISH,2021-04-29,2021-03,0.83,0.99,0.16,19.28
TECH,2021-05-06,2021-03,1.5,1.79,0.29,19.33
AVY,2021-04-28,2021-03,2.01,2.4,0.39,19.4
LPLA,2021-04-29,2021-03,1.48,1.77,0.29,19.59
EXPE,2021-05-06,2021-03,-2.52,-2.02,0.5,19.84
TXN,2021-04-27,2021-03,1.56,1.87,0.31,19.87
WLK,2021-05-04,2021-03,1.56,1.87,0.31,19.87
NOC,2021-04-29,2021-03,5.48,6.57,1.09,19.89
ACI,2021-04-26,2021-02,0.5,0.6,0.1,20
JNPR,2021-04-27,2021-03,0.25,0.3,0.05,20
KHC,2021-04-29,2021-03,0.6,0.72,0.12,20
LYB,2021-04-30,2021-03,2.65,3.18,0.53,20
NKE,2021-03-18,2021-02,0.75,0.9,0.15,20
LH,2021-04-29,2021-03,7.32,8.79,1.47,20.08
RJF,2021-04-28,2021-03,1.39,1.67,0.28,20.14
UNH,2021-04-15,2021-03,4.42,5.31,0.89,20.14
KR,2021-06-17,2021-04,0.99,1.19,0.2,20.2
SRCL,2021-04-29,2021-03,0.59,0.71,0.12,20.34
G,2021-05-10,2021-03,0.49,0.59,0.1,20.41
PKG,2021-04-26,2021-03,1.47,1.77,0.3,20.41
TSN,2021-05-10,2021-03,1.11,1.34,0.23,20.72
PYPL,2021-05-05,2021-03,1.01,1.22,0.21,20.79
INTC,2021-04-22,2021-03,1.15,1.39,0.24,20.87
MGM,2021-04-28,2021-03,-0.86,-0.68,0.18,20.93
KKR,2021-05-04,2021-03,0.62,0.75,0.13,20.97
HRC,2021-04-30,2021-03,1.43,1.73,0.3,20.98
COP,2021-05-04,2021-03,0.57,0.69,0.12,21.05
SWI,2021-04-29,2021-03,0.38,0.46,0.08,21.05
ATR,2021-04-29,2021-03,0.9,1.09,0.19,21.11
ZTS,2021-05-06,2021-03,1.04,1.26,0.22,21.15
OLLI,2021-05-27,2021-04,0.66,0.8,0.14,21.21
VMI,2021-04-21,2021-03,2.12,2.57,0.45,21.23
WRB,2021-04-20,2021-03,0.89,1.08,0.19,21.35
BERY,2021-05-04,2021-03,1.31,1.59,0.28,21.37
COHR,2021-05-12,2021-03,1.17,1.42,0.25,21.37
ATVI,2021-05-04,2021-03,0.69,0.84,0.15,21.74
OC,2021-04-28,2021-03,1.42,1.73,0.31,21.83
ITT,2021-05-07,2021-03,0.87,1.06,0.19,21.84
FNF,2021-05-06,2021-03,1.28,1.56,0.28,21.88
STZ,2021-04-08,2021-02,1.49,1.82,0.33,22.15
SWK,2021-04-28,2021-03,2.56,3.13,0.57,22.27
RHI,2021-04-21,2021-03,0.8,0.98,0.18,22.5
PKI,2021-05-04,2021-03,3.03,3.72,0.69,22.77
CF,2021-05-05,2021-03,0.57,0.7,0.13,22.81
CBRE,2021-04-29,2021-03,0.7,0.86,0.16,22.86
NVT,2021-04-29,2021-03,0.35,0.43,0.08,22.86
APA,2021-05-05,2021-03,0.74,0.91,0.17,22.97
LNC,2021-05-05,2021-03,1.48,1.82,0.34,22.97
MMM,2021-04-27,2021-03,2.25,2.77,0.52,23.11
DOV,2021-04-20,2021-03,1.47,1.81,0.34,23.13
IART,2021-04-28,2021-03,0.56,0.69,0.13,23.21
BSX,2021-04-28,2021-03,0.3,0.37,0.07,23.33
ETR,2021-04-28,2021-03,1.19,1.47,0.28,23.53
HCA,2021-04-22,2021-03,3.35,4.14,0.79,23.58
DOW,2021-04-22,2021-03,1.1,1.36,0.26,23.64
LEN,2021-03-16,2021-02,1.65,2.04,0.39,23.64
GPC,2021-04-22,2021-03,1.21,1.5,0.29,23.97
VVV,2021-04-28,2021-03,0.37,0.46,0.09,24.32
LOW,2021-05-19,2021-04,2.58,3.21,0.63,24.42
KEY,2021-04-20,2021-03,0.49,0.61,0.12,24.49
LAD,2021-04-21,2021-03,4.73,5.89,1.16,24.52
MHK,2021-04-29,2021-03,2.8,3.49,0.69,24.64
CFR,2021-04-29,2021-03,1.42,1.77,0.35,24.65
LSTR,2021-04-21,2021-03,1.61,2.01,0.4,24.84
SHW,2021-04-27,2021-03,1.65,2.06,0.41,24.85
PAG,2021-04-28,2021-03,1.81,2.26,0.45,24.86
AVTR,2021-04-28,2021-03,0.28,0.35,0.07,25
BRO,2021-04-26,2021-03,0.56,0.7,0.14,25
IR,2021-04-28,2021-03,0.36,0.45,0.09,25
UBER,2021-05-05,2021-03,-0.56,-0.42,0.14,25
WMB,2021-05-03,2021-03,0.28,0.35,0.07,25
EVR,2021-04-28,2021-03,2.63,3.29,0.66,25.1
ARW,2021-05-06,2021-03,2.27,2.84,0.57,25.11
ALGN,2021-04-28,2021-03,1.99,2.49,0.5,25.13
GNRC,2021-04-29,2021-03,1.9,2.38,0.48,25.26
AYI,2021-03-31,2021-02,1.69,2.12,0.43,25.44
TPX,2021-04-29,2021-03,0.51,0.64,0.13,25.49
EL,2021-05-03,2021-03,1.29,1.62,0.33,25.58
NFLX,2021-04-20,2021-03,2.98,3.75,0.77,25.84
YUM,2021-04-28,2021-03,0.85,1.07,0.22,25.88
AIZ,2021-05-04,2021-03,1.96,2.47,0.51,26.02
WIX,2021-05-12,2021-03,-0.73,-0.54,0.19,26.03
IAA,2021-05-04,2021-03,0.46,0.58,0.12,26.09
TOL,2021-05-25,2021-04,0.8,1.01,0.21,26.25
CARR,2021-04-29,2021-03,0.38,0.48,0.1,26.32
MKC,2021-03-30,2021-02,0.57,0.72,0.15,26.32
CR,2021-05-03,2021-03,1.31,1.66,0.35,26.72
WWD,2021-05-03,2021-03,0.82,1.04,0.22,26.83
LEA,2021-05-07,2021-03,2.94,3.73,0.79,26.87
HD,2021-05-18,2021-04,3.04,3.86,0.82,26.97
BOH,2021-04-26,2021-03,1.18,1.5,0.32,27.12
FAF,2021-04-22,2021-03,1.29,1.64,0.35,27.13
AVLR,2021-05-06,2021-03,-0.11,-0.08,0.03,27.27
ROL,2021-04-28,2021-03,0.11,0.14,0.03,27.27
WBA,2021-03-31,2021-02,1.1,1.4,0.3,27.27
LULU,2021-06-03,2021-04,0.91,1.16,0.25,27.47
AFL,2021-04-28,2021-03,1.2,1.53,0.33,27.5
BKNG,2021-05-05,2021-03,-7.26,-5.26,2,27.55
OZK,2021-04-22,2021-03,0.87,1.11,0.24,27.59
DE,2021-05-21,2021-04,4.44,5.68,1.24,27.93
PNW,2021-05-05,2021-03,0.25,0.32,0.07,28
FND,2021-05-06,2021-03,0.53,0.68,0.15,28.3
NDSN,2021-05-24,2021-04,1.65,2.12,0.47,28.48
DVN,2021-05-04,2021-03,0.35,0.45,0.1,28.57
SKX,2021-04-22,2021-03,0.49,0.63,0.14,28.57
OSK,2021-04-28,2021-03,1.15,1.48,0.33,28.7
CMCSA,2021-04-29,2021-03,0.59,0.76,0.17,28.81
IP,2021-04-29,2021-03,0.59,0.76,0.17,28.81
MS,2021-04-16,2021-03,1.72,2.22,0.5,29.07
CIEN,2021-06-03,2021-04,0.48,0.62,0.14,29.17
ADPT,2021-05-05,2021-03,-0.41,-0.29,0.12,29.27
NTRA,2021-05-06,2021-03,-1.05,-0.74,0.31,29.52
EFX,2021-04-21,2021-03,1.52,1.97,0.45,29.61
MDU,2021-05-05,2021-03,0.2,0.26,0.06,30
SNV,2021-04-20,2021-03,0.93,1.21,0.28,30.11
WAL,2021-04-15,2021-03,1.46,1.9,0.44,30.14
SAIC,2021-06-03,2021-04,1.49,1.94,0.45,30.2
CINF,2021-04-28,2021-03,1.05,1.37,0.32,30.48
FBHS,2021-04-29,2021-03,1.04,1.36,0.32,30.77
XRAY,2021-05-06,2021-03,0.55,0.72,0.17,30.91
EHC,2021-04-27,2021-03,0.8,1.05,0.25,31.25
RF,2021-04-23,2021-03,0.48,0.63,0.15,31.25
ARMK,2021-05-11,2021-03,-0.35,-0.24,0.11,31.43
BWA,2021-05-05,2021-03,0.92,1.21,0.29,31.52
CCK,2021-04-19,2021-03,1.39,1.83,0.44,31.65
YUMC,2021-04-27,2021-03,0.41,0.54,0.13,31.71
ORLY,2021-04-28,2021-03,5.36,7.06,1.7,31.72
ANSS,2021-05-05,2021-03,0.85,1.12,0.27,31.76
DG,2021-05-27,2021-04,2.14,2.82,0.68,31.78
CHRW,2021-04-27,2021-03,0.97,1.28,0.31,31.96
AVT,2021-04-28,2021-03,0.56,0.74,0.18,32.14
BAC,2021-04-15,2021-03,0.65,0.86,0.21,32.31
PNR,2021-04-22,2021-03,0.61,0.81,0.2,32.79
GME,2021-06-09,2021-04,-0.67,-0.45,0.22,32.84
FANG,2021-05-03,2021-03,1.73,2.3,0.57,32.95
BX,2021-04-22,2021-03,0.72,0.96,0.24,33.33
FIVE,2021-06-03,2021-04,0.66,0.88,0.22,33.33
GWRE,2021-06-02,2021-04,-0.24,-0.16,0.08,33.33
LYFT,2021-05-04,2021-03,-0.54,-0.36,0.18,33.33
PCTY,2021-05-06,2021-03,0.66,0.88,0.22,33.33
JBL,2021-03-16,2021-02,0.95,1.27,0.32,33.68
WHR,2021-04-21,2021-03,5.38,7.2,1.82,33.83
HLF,2021-05-04,2021-03,1.06,1.42,0.36,33.96
GRMN,2021-04-28,2021-03,0.88,1.18,0.3,34.09
CVNA,2021-05-06,2021-03,-0.7,-0.46,0.24,34.29
MANH,2021-04-27,2021-03,0.32,0.43,0.11,34.38
UNVR,2021-05-07,2021-03,0.32,0.43,0.11,34.38
ISRG,2021-04-20,2021-03,0.87,1.17,0.3,34.48
SCI,2021-05-03,2021-03,0.98,1.32,0.34,34.69
FITB,2021-04-20,2021-03,0.69,0.93,0.24,34.78
MAS,2021-04-28,2021-03,0.66,0.89,0.23,34.85
BRKS,2021-05-10,2021-03,0.51,0.69,0.18,35.29
SMAR,2021-06-02,2021-04,-0.14,-0.09,0.05,35.71
BLDR,2021-05-06,2021-03,0.81,1.1,0.29,35.8
DLB,2021-05-04,2021-03,0.67,0.91,0.24,35.82
ZM,2021-06-01,2021-04,0.97,1.32,0.35,36.08
DRI,2021-03-25,2021-02,0.72,0.98,0.26,36.11
GMED,2021-05-04,2021-03,0.36,0.49,0.13,36.11
CPRT,2021-05-19,2021-04,0.8,1.09,0.29,36.25
ENPH,2021-04-27,2021-03,0.41,0.56,0.15,36.59
IDXX,2021-05-04,2021-03,1.72,2.35,0.63,36.63
AFG,2021-05-04,2021-03,1.74,2.38,0.64,36.78
DELL,2021-05-27,2021-04,1.55,2.13,0.58,37.42
BRKR,2021-05-05,2021-03,0.32,0.44,0.12,37.5
CRM,2021-05-27,2021-04,0.88,1.21,0.33,37.5
HXL,2021-04-19,2021-03,-0.16,-0.1,0.06,37.5
APTV,2021-05-06,2021-03,0.77,1.06,0.29,37.66
FHN,2021-04-21,2021-03,0.37,0.51,0.14,37.84
WMT,2021-05-18,2021-04,1.22,1.69,0.47,38.52
ILMN,2021-04-27,2021-03,1.36,1.89,0.53,38.97
ADM,2021-04-27,2021-03,1,1.39,0.39,39
LFUS,2021-04-28,2021-03,1.92,2.67,0.75,39.06
MRNA,2021-05-06,2021-03,2.04,2.84,0.8,39.22
ALB,2021-05-05,2021-03,0.79,1.1,0.31,39.24
THO,2021-06-08,2021-04,2.36,3.29,0.93,39.41
FB,2021-04-28,2021-03,2.36,3.3,0.94,39.83
AAPL,2021-04-28,2021-03,1,1.4,0.4,40
FLS,2021-05-03,2021-03,0.2,0.28,0.08,40
CACC,2021-04-29,2021-03,8.44,11.82,3.38,40.05
GH,2021-05-06,2021-03,-0.82,-0.49,0.33,40.24
WBS,2021-04-19,2021-03,0.89,1.25,0.36,40.45
PACW,2021-04-20,2021-03,0.9,1.27,0.37,41.11
FWONK,2021-05-07,2021-03,-0.34,-0.2,0.14,41.18
NEWR,2021-05-13,2021-03,-0.46,-0.27,0.19,41.3
RE,2021-04-28,2021-03,4.59,6.49,1.9,41.39
C,2021-04-15,2021-03,2.56,3.62,1.06,41.41
ZEN,2021-04-29,2021-03,0.12,0.17,0.05,41.67
TJX,2021-05-19,2021-04,0.31,0.44,0.13,41.94
NXST,2021-05-04,2021-03,3.11,4.42,1.31,42.12
MTZ,2021-05-06,2021-03,0.77,1.1,0.33,42.86
TMX,2021-05-06,2021-03,0.21,0.3,0.09,42.86
WEN,2021-05-12,2021-03,0.14,0.2,0.06,42.86
CACI,2021-04-21,2021-03,3.69,5.28,1.59,43.09
WH,2021-04-28,2021-03,0.25,0.36,0.11,44
WST,2021-04-29,2021-03,1.42,2.05,0.63,44.37
OGE,2021-05-06,2021-03,0.18,0.26,0.08,44.44
SIVB,2021-04-22,2021-03,6.94,10.03,3.09,44.52
MCO,2021-04-28,2021-03,2.8,4.06,1.26,45
CFG,2021-04-16,2021-03,0.97,1.41,0.44,45.36
HBAN,2021-04-22,2021-03,0.33,0.48,0.15,45.45
MTCH,2021-05-04,2021-03,0.46,0.67,0.21,45.65
WAT,2021-05-05,2021-03,1.57,2.29,0.72,45.86
HII,2021-05-06,2021-03,2.52,3.68,1.16,46.03
AGR,2021-05-03,2021-03,0.78,1.14,0.36,46.15
UPST,2021-05-11,2021-03,0.15,0.22,0.07,46.67
NLSN,2021-05-06,2021-03,0.32,0.47,0.15,46.88
PII,2021-04-27,2021-03,1.56,2.3,0.74,47.44
JPM,2021-04-14,2021-03,3.05,4.5,1.45,47.54
AXON,2021-05-06,2021-03,0.21,0.31,0.1,47.62
CLR,2021-04-28,2021-03,0.52,0.77,0.25,48.08
MET,2021-05-05,2021-03,1.48,2.2,0.72,48.65
CAT,2021-04-29,2021-03,1.93,2.87,0.94,48.7
ROST,2021-05-20,2021-04,0.9,1.34,0.44,48.89
TXT,2021-04-29,2021-03,0.47,0.7,0.23,48.94
PNC,2021-04-16,2021-03,2.75,4.1,1.35,49.09
LKQ,2021-04-29,2021-03,0.63,0.94,0.31,49.21
AXS,2021-04-28,2021-03,0.65,0.97,0.32,49.23
HSIC,2021-05-04,2021-03,0.83,1.24,0.41,49.4
ESTC,2021-06-02,2021-04,-0.16,-0.08,0.08,50
GE,2021-04-27,2021-03,0.16,0.24,0.08,50
HBI,2021-05-11,2021-03,0.26,0.39,0.13,50
OKTA,2021-05-26,2021-04,-0.2,-0.1,0.1,50
PTC,2021-04-28,2021-03,0.72,1.08,0.36,50
SPOT,2021-04-28,2021-03,-0.61,-0.3,0.31,50.82
DHR,2021-04-22,2021-03,1.67,2.52,0.85,50.9
XYL,2021-05-04,2021-03,0.37,0.56,0.19,51.35
FOXA,2021-05-05,2021-03,0.58,0.88,0.3,51.72
WFC,2021-04-14,2021-03,0.69,1.05,0.36,52.17
WDC,2021-04-29,2021-03,0.67,1.02,0.35,52.24
USB,2021-04-15,2021-03,0.95,1.45,0.5,52.63
WSO,2021-04-22,2021-03,0.91,1.39,0.48,52.75
ORI,2021-04-22,2021-03,0.45,0.69,0.24,53.33
TNDM,2021-05-05,2021-03,-0.15,-0.07,0.08,53.33
PRU,2021-05-04,2021-03,2.68,4.11,1.43,53.36
BBY,2021-05-27,2021-04,1.45,2.23,0.78,53.79
BC,2021-04-29,2021-03,1.45,2.24,0.79,54.48
OXY,2021-05-10,2021-03,-0.33,-0.15,0.18,54.55
WOOF,2021-05-20,2021-03,0.11,0.17,0.06,54.55
QRTEA,2021-05-07,2021-03,0.31,0.48,0.17,54.84
AN,2021-04-20,2021-03,1.8,2.79,0.99,55
CHDN,2021-04-21,2021-03,0.56,0.87,0.31,55.36
PPC,2021-04-28,2021-03,0.27,0.42,0.15,55.56
TXG,2021-05-05,2021-03,-0.25,-0.11,0.14,56
LEG,2021-05-03,2021-03,0.41,0.64,0.23,56.1
HAS,2021-04-27,2021-03,0.64,1,0.36,56.25
TSCO,2021-04-22,2021-03,0.99,1.55,0.56,56.57
VIRT,2021-05-04,2021-03,1.3,2.04,0.74,56.92
XPO,2021-05-03,2021-03,0.93,1.46,0.53,56.99
PINS,2021-04-27,2021-03,0.07,0.11,0.04,57.14
DAR,2021-05-11,2021-03,0.57,0.9,0.33,57.89
RGEN,2021-05-04,2021-03,0.43,0.68,0.25,58.14
MDB,2021-06-03,2021-04,-0.36,-0.15,0.21,58.33
WSM,2021-05-26,2021-04,1.85,2.93,1.08,58.38
ALL,2021-05-05,2021-03,3.85,6.11,2.26,58.7
OMF,2021-04-26,2021-03,2.12,3.37,1.25,58.96
SWCH,2021-05-10,2021-03,0.05,0.08,0.03,60
FCN,2021-04-29,2021-03,1.18,1.89,0.71,60.17
ELAN,2021-05-07,2021-03,0.23,0.37,0.14,60.87
OLED,2021-05-06,2021-03,0.67,1.08,0.41,61.19
CLH,2021-05-05,2021-03,0.26,0.42,0.16,61.54
MRO,2021-05-05,2021-03,0.13,0.21,0.08,61.54
AMZN,2021-04-29,2021-03,9.75,15.79,6.04,61.95
DOCU,2021-06-03,2021-04,0.27,0.44,0.17,62.96
TGT,2021-05-19,2021-04,2.26,3.69,1.43,63.27
BPOP,2021-04-28,2021-03,1.91,3.12,1.21,63.35
AA,2021-04-15,2021-03,0.48,0.79,0.31,64.58
AYX,2021-05-04,2021-03,-0.23,-0.08,0.15,65.22
ZION,2021-04-19,2021-03,1.15,1.9,0.75,65.22
TEAM,2021-04-29,2021-03,0.29,0.48,0.19,65.52
UPS,2021-04-27,2021-03,1.67,2.77,1.1,65.87
CRWD,2021-06-03,2021-04,0.06,0.1,0.04,66.67
SC,2021-04-28,2021-03,1.45,2.42,0.97,66.9
EXPD,2021-05-04,2021-03,1,1.67,0.67,67
CASY,2021-06-08,2021-04,0.67,1.12,0.45,67.16
TMUS,2021-05-04,2021-03,0.55,0.92,0.37,67.27
GOOG,2021-04-27,2021-03,15.66,26.29,10.63,67.88
GOOGL,2021-04-27,2021-03,15.66,26.29,10.63,67.88
MAN,2021-04-20,2021-03,0.66,1.11,0.45,68.18
VMC,2021-05-04,2021-03,0.41,0.69,0.28,68.29
COF,2021-04-27,2021-03,4.17,7.03,2.86,68.59
TPR,2021-05-06,2021-03,0.3,0.51,0.21,70
MAT,2021-04-22,2021-03,-0.34,-0.1,0.24,70.59
USFD,2021-05-10,2021-03,0.07,0.12,0.05,71.43
FL,2021-05-21,2021-04,1.14,1.96,0.82,71.93
MPC,2021-05-04,2021-03,-0.72,-0.2,0.52,72.22
PTON,2021-05-06,2021-03,-0.11,-0.03,0.08,72.73
YETI,2021-05-13,2021-03,0.22,0.38,0.16,72.73
NYT,2021-05-05,2021-03,0.15,0.26,0.11,73.33
NVST,2021-05-05,2021-03,0.31,0.54,0.23,74.19
BILL,2021-05-06,2021-03,-0.08,-0.02,0.06,75
BMRN,2021-04-29,2021-03,0.32,0.56,0.24,75
DFS,2021-04-21,2021-03,2.88,5.04,2.16,75
TTD,2021-05-10,2021-03,0.08,0.14,0.06,75
VRT,2021-04-28,2021-03,0.12,0.21,0.09,75
LII,2021-04-26,2021-03,1.29,2.27,0.98,75.97
CMA,2021-04-20,2021-03,1.38,2.43,1.05,76.09
ATH,2021-05-07,2021-03,2.15,3.8,1.65,76.74
FIVN,2021-04-29,2021-03,0.13,0.23,0.1,76.92
SLM,2021-04-21,2021-03,1,1.77,0.77,77
ALLY,2021-04-16,2021-03,1.18,2.09,0.91,77.12
WTFC,2021-04-19,2021-03,1.41,2.54,1.13,80.14
AGCO,2021-04-29,2021-03,1.11,2,0.89,80.18
EXAS,2021-05-04,2021-03,-1.04,-0.18,0.86,82.69
PENN,2021-05-06,2021-03,0.3,0.55,0.25,83.33
SPB,2021-05-07,2021-03,0.96,1.76,0.8,83.33
ZG,2021-05-04,2021-03,0.24,0.44,0.2,83.33
HES,2021-04-28,2021-03,0.44,0.82,0.38,86.36
R,2021-04-28,2021-03,0.58,1.09,0.51,87.93
GS,2021-04-14,2021-03,9.79,18.6,8.81,89.99
IT,2021-05-04,2021-03,1.05,2,0.95,90.48
SAM,2021-04-22,2021-03,2.39,4.58,2.19,91.63
OPEN,2021-05-11,2021-03,-0.48,-0.04,0.44,91.67
ADS,2021-04-29,2021-03,3.23,6.28,3.05,94.43
FSLR,2021-04-29,2021-03,1,1.96,0.96,96
JEF,2021-03-24,2021-02,1.08,2.14,1.06,98.15
ATUS,2021-04-28,2021-03,0.29,0.58,0.29,100
DDOG,2021-05-06,2021-03,0.03,0.06,0.03,100
BHF,2021-05-10,2021-03,2.42,4.86,2.44,100.83
POOL,2021-04-22,2021-03,1.2,2.42,1.22,101.67
BG,2021-05-04,2021-03,1.55,3.13,1.58,101.94
DECK,2021-05-20,2021-03,0.58,1.18,0.6,103.45
LNG,2021-05-04,2021-03,0.75,1.54,0.79,105.33
MLM,2021-05-04,2021-03,0.5,1.04,0.54,108
TAP,2021-04-29,2021-03,-0.12,0.01,0.13,108.33
BIO,2021-04-29,2021-03,2.5,5.21,2.71,108.4
Y,2021-05-06,2021-03,4.65,9.81,5.16,110.97
BYD,2021-04-27,2021-03,0.44,0.93,0.49,111.36
TTWO,2021-05-18,2021-03,0.68,1.44,0.76,111.76
HOG,2021-04-19,2021-03,0.79,1.68,0.89,112.66
ULTA,2021-05-27,2021-04,1.92,4.1,2.18,113.54
NWL,2021-04-30,2021-03,0.14,0.3,0.16,114.29
ZS,2021-05-25,2021-04,0.07,0.15,0.08,114.29
CSL,2021-04-22,2021-03,0.68,1.47,0.79,116.18
GM,2021-05-05,2021-03,1.02,2.25,1.23,120.59
THG,2021-04-29,2021-03,0.75,1.66,0.91,121.33
WWE,2021-04-22,2021-03,0.23,0.51,0.28,121.74
TDOC,2021-04-28,2021-03,-0.57,0.13,0.7,122.81
TNL,2021-04-28,2021-03,0.17,0.39,0.22,129.41
BFAM,2021-05-05,2021-03,0.1,0.23,0.13,130
DCT,2021-04-05,2021-02,-0.03,0.01,0.04,133.33
PVH,2021-06-02,2021-04,0.82,1.92,1.1,134.15
SITE,2021-05-05,2021-03,-0.44,0.16,0.6,136.36
COUP,2021-06-07,2021-04,-0.19,0.07,0.26,136.84
PEN,2021-05-04,2021-03,0.11,0.27,0.16,145.45
TWLO,2021-05-05,2021-03,-0.1,0.05,0.15,150
RL,2021-05-20,2021-03,-0.73,0.38,1.11,152.05
COLM,2021-04-29,2021-03,0.33,0.84,0.51,154.55
SQ,2021-05-06,2021-03,0.16,0.41,0.25,156.25
KMI,2021-04-21,2021-03,0.23,0.6,0.37,160.87
IAC,2021-05-06,2021-03,-0.62,0.4,1.02,164.52
DIS,2021-05-13,2021-03,0.29,0.79,0.5,172.41
IPG,2021-04-28,2021-03,0.16,0.45,0.29,181.25
BURL,2021-05-27,2021-04,0.92,2.59,1.67,181.52
MAR,2021-05-10,2021-03,0.03,0.1,0.07,233.33
W,2021-05-06,2021-03,0.29,1,0.71,244.83
JLL,2021-05-05,2021-03,0.6,2.1,1.5,250
TRGP,2021-05-06,2021-03,0.15,0.53,0.38,253.33
EVBG,2021-05-10,2021-03,-0.11,0.18,0.29,263.64
DKS,2021-05-26,2021-04,1.04,3.79,2.75,264.42
VSAT,2021-05-25,2021-03,0.03,0.11,0.08,266.67
UA,2021-05-04,2021-03,0.04,0.16,0.12,300
UAA,2021-05-04,2021-03,0.04,0.16,0.12,300
KRC,2021-04-28,2021-03,0.99,4.26,3.27,330.3
F,2021-04-28,2021-03,0.16,0.89,0.73,456.25
ROKU,2021-05-06,2021-03,-0.12,0.54,0.66,550
CRI,2021-04-30,2021-03,0.27,1.98,1.71,633.33
NWSA,2021-05-06,2021-03,0.01,0.09,0.08,800
PEGA,2021-04-28,2021-03,0.02,0.26,0.24,1200
GPS,2021-05-27,2021-04,-0.02,0.48,0.5,2500
CPRI,2021-05-26,2021-03,-0.01,0.38,0.39,3900